#ra	dec	l	b	pos_err	rm	rm_err	rm_width	rm_width_err	complex_flag	complex_test	rm_method	ionosphere	Ncomp	stokesI	stokesI_err	spectral_index	spectral_index_err	reffreq_I	polint	polint_err	pol_bias	flux_type	fracpol	fracpol_err	polangle	polangle_err	reffreq_pol	stokesQ	stokesQ_err	stokesU	stokesU_err	derot_polangle	derot_polangle_err	stokesV	stokesV_err	beam_maj	beam_min	beam_pa	reffreq_beam	minfreq	maxfreq	channelwidth	Nchan	noise_chan	telescope	int_time	epoch	interval	leakage	beamdist	catalog	dataref	cat_id	id	type	flagA_name	flagA_value	flagB_name	flagB_value	flagC_name	flagC_value	notes
278.5870833333333	-11.0	20.36	-1.67	nan	-317.0	9.0	nan	nan	U		Unknown	Unknown	1	0.0	nan	nan	nan	nan	0.0	nan	Unknown	Unknown	nan	nan	nan	nan	nan	nan	nan	nan	nan	nan	nan	nan	nan	nan	nan	nan	nan	nan	nan	nan	-2147483648	nan	Unknown	nan	nan	nan	nan	nan	2008ApJ...688.1029M			-2147483648								
278.77583333333337	-11.0	20.84	-1.66	nan	92.0	11.0	nan	nan	U		Unknown	Unknown	1	0.0	nan	nan	nan	nan	0.0	nan	Unknown	Unknown	nan	nan	nan	nan	nan	nan	nan	nan	nan	nan	nan	nan	nan	nan	nan	nan	nan	nan	nan	nan	-2147483648	nan	Unknown	nan	nan	nan	nan	nan	2008ApJ...688.1029M			-2147483648								
278.83166666666665	-11.0	21.08	-1.6	nan	-66.0	12.0	nan	nan	U		Unknown	Unknown	1	0.0	nan	nan	nan	nan	0.0	nan	Unknown	Unknown	nan	nan	nan	nan	nan	nan	nan	nan	nan	nan	nan	nan	nan	nan	nan	nan	nan	nan	nan	nan	-2147483648	nan	Unknown	nan	nan	nan	nan	nan	2008ApJ...688.1029M			-2147483648								
279.49916666666667	-11.0	21.22	-2.26	nan	-83.0	4.0	nan	nan	U		Unknown	Unknown	1	0.0	nan	nan	nan	nan	0.0	nan	Unknown	Unknown	nan	nan	nan	nan	nan	nan	nan	nan	nan	nan	nan	nan	nan	nan	nan	nan	nan	nan	nan	nan	-2147483648	nan	Unknown	nan	nan	nan	nan	nan	2008ApJ...688.1029M			-2147483648								
276.4279166666667	-8.0	22.32	1.73	nan	40.0	13.0	nan	nan	U		Unknown	Unknown	1	0.0	nan	nan	nan	nan	0.0	nan	Unknown	Unknown	nan	nan	nan	nan	nan	nan	nan	nan	nan	nan	nan	nan	nan	nan	nan	nan	nan	nan	nan	nan	-2147483648	nan	Unknown	nan	nan	nan	nan	nan	2008ApJ...688.1029M			-2147483648								
276.4066666666667	-7.0	23.2	2.21	nan	-62.0	13.0	nan	nan	U		Unknown	Unknown	1	0.0	nan	nan	nan	nan	0.0	nan	Unknown	Unknown	nan	nan	nan	nan	nan	nan	nan	nan	nan	nan	nan	nan	nan	nan	nan	nan	nan	nan	nan	nan	-2147483648	nan	Unknown	nan	nan	nan	nan	nan	2008ApJ...688.1029M			-2147483648								
281.625	-8.0	25.04	-2.65	nan	491.0	8.0	nan	nan	U		Unknown	Unknown	1	0.0	nan	nan	nan	nan	0.0	nan	Unknown	Unknown	nan	nan	nan	nan	nan	nan	nan	nan	nan	nan	nan	nan	nan	nan	nan	nan	nan	nan	nan	nan	-2147483648	nan	Unknown	nan	nan	nan	nan	nan	2008ApJ...688.1029M			-2147483648								
282.7258333333333	-5.0	28.27	-2.24	nan	577.0	10.0	nan	nan	U		Unknown	Unknown	1	0.0	nan	nan	nan	nan	0.0	nan	Unknown	Unknown	nan	nan	nan	nan	nan	nan	nan	nan	nan	nan	nan	nan	nan	nan	nan	nan	nan	nan	nan	nan	-2147483648	nan	Unknown	nan	nan	nan	nan	nan	2008ApJ...688.1029M			-2147483648								
281.3066666666667	2.0	34.3	2.44	nan	25.0	7.0	nan	nan	U		Unknown	Unknown	1	0.0	nan	nan	nan	nan	0.0	nan	Unknown	Unknown	nan	nan	nan	nan	nan	nan	nan	nan	nan	nan	nan	nan	nan	nan	nan	nan	nan	nan	nan	nan	-2147483648	nan	Unknown	nan	nan	nan	nan	nan	2008ApJ...688.1029M			-2147483648								
282.8104166666667	2.0	35.57	1.4	nan	175.0	19.0	nan	nan	U		Unknown	Unknown	1	0.0	nan	nan	nan	nan	0.0	nan	Unknown	Unknown	nan	nan	nan	nan	nan	nan	nan	nan	nan	nan	nan	nan	nan	nan	nan	nan	nan	nan	nan	nan	-2147483648	nan	Unknown	nan	nan	nan	nan	nan	2008ApJ...688.1029M			-2147483648								
283.05583333333334	3.0	36.18	1.44	nan	188.0	7.0	nan	nan	U		Unknown	Unknown	1	0.0	nan	nan	nan	nan	0.0	nan	Unknown	Unknown	nan	nan	nan	nan	nan	nan	nan	nan	nan	nan	nan	nan	nan	nan	nan	nan	nan	nan	nan	nan	-2147483648	nan	Unknown	nan	nan	nan	nan	nan	2008ApJ...688.1029M			-2147483648								
284.65749999999997	2.0	36.2	-0.35	nan	132.0	11.0	nan	nan	U		Unknown	Unknown	1	0.0	nan	nan	nan	nan	0.0	nan	Unknown	Unknown	nan	nan	nan	nan	nan	nan	nan	nan	nan	nan	nan	nan	nan	nan	nan	nan	nan	nan	nan	nan	-2147483648	nan	Unknown	nan	nan	nan	nan	nan	2008ApJ...688.1029M			-2147483648								
285.18083333333334	6.0	40.01	1.02	nan	380.0	5.0	nan	nan	U		Unknown	Unknown	1	0.0	nan	nan	nan	nan	0.0	nan	Unknown	Unknown	nan	nan	nan	nan	nan	nan	nan	nan	nan	nan	nan	nan	nan	nan	nan	nan	nan	nan	nan	nan	-2147483648	nan	Unknown	nan	nan	nan	nan	nan	2008ApJ...688.1029M			-2147483648								
289.35625000000005	4.0	40.1	-3.61	nan	107.0	14.0	nan	nan	U		Unknown	Unknown	1	0.0	nan	nan	nan	nan	0.0	nan	Unknown	Unknown	nan	nan	nan	nan	nan	nan	nan	nan	nan	nan	nan	nan	nan	nan	nan	nan	nan	nan	nan	nan	-2147483648	nan	Unknown	nan	nan	nan	nan	nan	2008ApJ...688.1029M			-2147483648								
284.80125	7.0	40.52	1.71	nan	625.0	14.0	nan	nan	U		Unknown	Unknown	1	0.0	nan	nan	nan	nan	0.0	nan	Unknown	Unknown	nan	nan	nan	nan	nan	nan	nan	nan	nan	nan	nan	nan	nan	nan	nan	nan	nan	nan	nan	nan	-2147483648	nan	Unknown	nan	nan	nan	nan	nan	2008ApJ...688.1029M			-2147483648								
289.82208333333335	6.0	41.75	-3.27	nan	53.0	32.0	nan	nan	U		Unknown	Unknown	1	0.0	nan	nan	nan	nan	0.0	nan	Unknown	Unknown	nan	nan	nan	nan	nan	nan	nan	nan	nan	nan	nan	nan	nan	nan	nan	nan	nan	nan	nan	nan	-2147483648	nan	Unknown	nan	nan	nan	nan	nan	2008ApJ...688.1029M			-2147483648								
290.64125	7.0	42.88	-3.59	nan	78.0	20.0	nan	nan	U		Unknown	Unknown	1	0.0	nan	nan	nan	nan	0.0	nan	Unknown	Unknown	nan	nan	nan	nan	nan	nan	nan	nan	nan	nan	nan	nan	nan	nan	nan	nan	nan	nan	nan	nan	-2147483648	nan	Unknown	nan	nan	nan	nan	nan	2008ApJ...688.1029M			-2147483648								
286.9245833333333	9.0	42.89	0.57	nan	703.0	12.0	nan	nan	U		Unknown	Unknown	1	0.0	nan	nan	nan	nan	0.0	nan	Unknown	Unknown	nan	nan	nan	nan	nan	nan	nan	nan	nan	nan	nan	nan	nan	nan	nan	nan	nan	nan	nan	nan	-2147483648	nan	Unknown	nan	nan	nan	nan	nan	2008ApJ...688.1029M			-2147483648								
289.77625	8.0	43.49	-2.3	nan	229.0	6.0	nan	nan	U		Unknown	Unknown	1	0.0	nan	nan	nan	nan	0.0	nan	Unknown	Unknown	nan	nan	nan	nan	nan	nan	nan	nan	nan	nan	nan	nan	nan	nan	nan	nan	nan	nan	nan	nan	-2147483648	nan	Unknown	nan	nan	nan	nan	nan	2008ApJ...688.1029M			-2147483648								
284.38	11.0	43.58	3.74	nan	525.0	4.0	nan	nan	U		Unknown	Unknown	1	0.0	nan	nan	nan	nan	0.0	nan	Unknown	Unknown	nan	nan	nan	nan	nan	nan	nan	nan	nan	nan	nan	nan	nan	nan	nan	nan	nan	nan	nan	nan	-2147483648	nan	Unknown	nan	nan	nan	nan	nan	2008ApJ...688.1029M			-2147483648								
289.1716666666666	9.0	43.84	-1.44	nan	505.0	6.0	nan	nan	U		Unknown	Unknown	1	0.0	nan	nan	nan	nan	0.0	nan	Unknown	Unknown	nan	nan	nan	nan	nan	nan	nan	nan	nan	nan	nan	nan	nan	nan	nan	nan	nan	nan	nan	nan	-2147483648	nan	Unknown	nan	nan	nan	nan	nan	2008ApJ...688.1029M			-2147483648								
284.96875	11.0	44.06	3.33	nan	655.0	7.0	nan	nan	U		Unknown	Unknown	1	0.0	nan	nan	nan	nan	0.0	nan	Unknown	Unknown	nan	nan	nan	nan	nan	nan	nan	nan	nan	nan	nan	nan	nan	nan	nan	nan	nan	nan	nan	nan	-2147483648	nan	Unknown	nan	nan	nan	nan	nan	2008ApJ...688.1029M			-2147483648								
285.8466666666667	11.0	44.51	2.6	nan	831.0	3.0	nan	nan	U		Unknown	Unknown	1	0.0	nan	nan	nan	nan	0.0	nan	Unknown	Unknown	nan	nan	nan	nan	nan	nan	nan	nan	nan	nan	nan	nan	nan	nan	nan	nan	nan	nan	nan	nan	-2147483648	nan	Unknown	nan	nan	nan	nan	nan	2008ApJ...688.1029M			-2147483648								
287.50166666666667	12.0	46.09	1.59	nan	783.0	11.0	nan	nan	U		Unknown	Unknown	1	0.0	nan	nan	nan	nan	0.0	nan	Unknown	Unknown	nan	nan	nan	nan	nan	nan	nan	nan	nan	nan	nan	nan	nan	nan	nan	nan	nan	nan	nan	nan	-2147483648	nan	Unknown	nan	nan	nan	nan	nan	2008ApJ...688.1029M			-2147483648								
292.345	9.0	46.14	-3.76	nan	24.0	6.0	nan	nan	U		Unknown	Unknown	1	0.0	nan	nan	nan	nan	0.0	nan	Unknown	Unknown	nan	nan	nan	nan	nan	nan	nan	nan	nan	nan	nan	nan	nan	nan	nan	nan	nan	nan	nan	nan	-2147483648	nan	Unknown	nan	nan	nan	nan	nan	2008ApJ...688.1029M			-2147483648								
289.39125	11.0	46.31	-0.38	nan	-117.0	8.0	nan	nan	U		Unknown	Unknown	1	0.0	nan	nan	nan	nan	0.0	nan	Unknown	Unknown	nan	nan	nan	nan	nan	nan	nan	nan	nan	nan	nan	nan	nan	nan	nan	nan	nan	nan	nan	nan	-2147483648	nan	Unknown	nan	nan	nan	nan	nan	2008ApJ...688.1029M			-2147483648								
286.2570833333333	13.0	46.35	3.09	nan	575.0	10.0	nan	nan	U		Unknown	Unknown	1	0.0	nan	nan	nan	nan	0.0	nan	Unknown	Unknown	nan	nan	nan	nan	nan	nan	nan	nan	nan	nan	nan	nan	nan	nan	nan	nan	nan	nan	nan	nan	-2147483648	nan	Unknown	nan	nan	nan	nan	nan	2008ApJ...688.1029M			-2147483648								
287.6329166666667	13.0	47.5	2.17	nan	596.0	9.0	nan	nan	U		Unknown	Unknown	1	0.0	nan	nan	nan	nan	0.0	nan	Unknown	Unknown	nan	nan	nan	nan	nan	nan	nan	nan	nan	nan	nan	nan	nan	nan	nan	nan	nan	nan	nan	nan	-2147483648	nan	Unknown	nan	nan	nan	nan	nan	2008ApJ...688.1029M			-2147483648								
291.42	12.0	47.91	-1.78	nan	63.0	12.0	nan	nan	U		Unknown	Unknown	1	0.0	nan	nan	nan	nan	0.0	nan	Unknown	Unknown	nan	nan	nan	nan	nan	nan	nan	nan	nan	nan	nan	nan	nan	nan	nan	nan	nan	nan	nan	nan	-2147483648	nan	Unknown	nan	nan	nan	nan	nan	2008ApJ...688.1029M			-2147483648								
293.50083333333333	11.0	48.12	-3.98	nan	-426.0	17.0	nan	nan	U		Unknown	Unknown	1	0.0	nan	nan	nan	nan	0.0	nan	Unknown	Unknown	nan	nan	nan	nan	nan	nan	nan	nan	nan	nan	nan	nan	nan	nan	nan	nan	nan	nan	nan	nan	-2147483648	nan	Unknown	nan	nan	nan	nan	nan	2008ApJ...688.1029M			-2147483648								
291.2445833333333	13.0	48.31	-1.37	nan	435.0	8.0	nan	nan	U		Unknown	Unknown	1	0.0	nan	nan	nan	nan	0.0	nan	Unknown	Unknown	nan	nan	nan	nan	nan	nan	nan	nan	nan	nan	nan	nan	nan	nan	nan	nan	nan	nan	nan	nan	-2147483648	nan	Unknown	nan	nan	nan	nan	nan	2008ApJ...688.1029M			-2147483648								
286.73083333333335	15.0	48.39	3.62	nan	629.0	4.0	nan	nan	U		Unknown	Unknown	1	0.0	nan	nan	nan	nan	0.0	nan	Unknown	Unknown	nan	nan	nan	nan	nan	nan	nan	nan	nan	nan	nan	nan	nan	nan	nan	nan	nan	nan	nan	nan	-2147483648	nan	Unknown	nan	nan	nan	nan	nan	2008ApJ...688.1029M			-2147483648								
289.18416666666667	15.0	49.18	1.36	nan	541.0	10.0	nan	nan	U		Unknown	Unknown	1	0.0	nan	nan	nan	nan	0.0	nan	Unknown	Unknown	nan	nan	nan	nan	nan	nan	nan	nan	nan	nan	nan	nan	nan	nan	nan	nan	nan	nan	nan	nan	-2147483648	nan	Unknown	nan	nan	nan	nan	nan	2008ApJ...688.1029M			-2147483648								
291.32208333333335	13.0	49.21	-0.97	nan	470.0	7.0	nan	nan	U		Unknown	Unknown	1	0.0	nan	nan	nan	nan	0.0	nan	Unknown	Unknown	nan	nan	nan	nan	nan	nan	nan	nan	nan	nan	nan	nan	nan	nan	nan	nan	nan	nan	nan	nan	-2147483648	nan	Unknown	nan	nan	nan	nan	nan	2008ApJ...688.1029M			-2147483648								
293.9083333333333	13.0	49.72	-3.56	nan	-34.0	12.0	nan	nan	U		Unknown	Unknown	1	0.0	nan	nan	nan	nan	0.0	nan	Unknown	Unknown	nan	nan	nan	nan	nan	nan	nan	nan	nan	nan	nan	nan	nan	nan	nan	nan	nan	nan	nan	nan	-2147483648	nan	Unknown	nan	nan	nan	nan	nan	2008ApJ...688.1029M			-2147483648								
287.25416666666666	16.0	49.75	3.75	nan	451.0	10.0	nan	nan	U		Unknown	Unknown	1	0.0	nan	nan	nan	nan	0.0	nan	Unknown	Unknown	nan	nan	nan	nan	nan	nan	nan	nan	nan	nan	nan	nan	nan	nan	nan	nan	nan	nan	nan	nan	-2147483648	nan	Unknown	nan	nan	nan	nan	nan	2008ApJ...688.1029M			-2147483648								
288.0829166666667	16.0	49.77	2.86	nan	751.0	8.0	nan	nan	U		Unknown	Unknown	1	0.0	nan	nan	nan	nan	0.0	nan	Unknown	Unknown	nan	nan	nan	nan	nan	nan	nan	nan	nan	nan	nan	nan	nan	nan	nan	nan	nan	nan	nan	nan	-2147483648	nan	Unknown	nan	nan	nan	nan	nan	2008ApJ...688.1029M			-2147483648								
288.95708333333334	16.0	50.04	2.06	nan	482.0	7.0	nan	nan	U		Unknown	Unknown	1	0.0	nan	nan	nan	nan	0.0	nan	Unknown	Unknown	nan	nan	nan	nan	nan	nan	nan	nan	nan	nan	nan	nan	nan	nan	nan	nan	nan	nan	nan	nan	-2147483648	nan	Unknown	nan	nan	nan	nan	nan	2008ApJ...688.1029M			-2147483648								
288.5604166666667	16.0	50.28	2.61	nan	556.0	8.0	nan	nan	U		Unknown	Unknown	1	0.0	nan	nan	nan	nan	0.0	nan	Unknown	Unknown	nan	nan	nan	nan	nan	nan	nan	nan	nan	nan	nan	nan	nan	nan	nan	nan	nan	nan	nan	nan	-2147483648	nan	Unknown	nan	nan	nan	nan	nan	2008ApJ...688.1029M			-2147483648								
290.13458333333335	16.0	50.82	1.19	nan	543.0	6.0	nan	nan	U		Unknown	Unknown	1	0.0	nan	nan	nan	nan	0.0	nan	Unknown	Unknown	nan	nan	nan	nan	nan	nan	nan	nan	nan	nan	nan	nan	nan	nan	nan	nan	nan	nan	nan	nan	-2147483648	nan	Unknown	nan	nan	nan	nan	nan	2008ApJ...688.1029M			-2147483648								
290.5158333333334	16.0	50.94	0.84	nan	466.0	9.0	nan	nan	U		Unknown	Unknown	1	0.0	nan	nan	nan	nan	0.0	nan	Unknown	Unknown	nan	nan	nan	nan	nan	nan	nan	nan	nan	nan	nan	nan	nan	nan	nan	nan	nan	nan	nan	nan	-2147483648	nan	Unknown	nan	nan	nan	nan	nan	2008ApJ...688.1029M			-2147483648								
293.2766666666667	14.0	50.95	-2.18	nan	186.0	15.0	nan	nan	U		Unknown	Unknown	1	0.0	nan	nan	nan	nan	0.0	nan	Unknown	Unknown	nan	nan	nan	nan	nan	nan	nan	nan	nan	nan	nan	nan	nan	nan	nan	nan	nan	nan	nan	nan	-2147483648	nan	Unknown	nan	nan	nan	nan	nan	2008ApJ...688.1029M			-2147483648								
292.72	15.0	51.22	-1.42	nan	196.0	22.0	nan	nan	U		Unknown	Unknown	1	0.0	nan	nan	nan	nan	0.0	nan	Unknown	Unknown	nan	nan	nan	nan	nan	nan	nan	nan	nan	nan	nan	nan	nan	nan	nan	nan	nan	nan	nan	nan	-2147483648	nan	Unknown	nan	nan	nan	nan	nan	2008ApJ...688.1029M			-2147483648								
294.27000000000004	15.0	52.04	-2.67	nan	1.0	8.0	nan	nan	U		Unknown	Unknown	1	0.0	nan	nan	nan	nan	0.0	nan	Unknown	Unknown	nan	nan	nan	nan	nan	nan	nan	nan	nan	nan	nan	nan	nan	nan	nan	nan	nan	nan	nan	nan	-2147483648	nan	Unknown	nan	nan	nan	nan	nan	2008ApJ...688.1029M			-2147483648								
289.66375	19.0	53.54	3.13	nan	228.0	3.0	nan	nan	U		Unknown	Unknown	1	0.0	nan	nan	nan	nan	0.0	nan	Unknown	Unknown	nan	nan	nan	nan	nan	nan	nan	nan	nan	nan	nan	nan	nan	nan	nan	nan	nan	nan	nan	nan	-2147483648	nan	Unknown	nan	nan	nan	nan	nan	2008ApJ...688.1029M			-2147483648								
289.58625	19.0	53.7	3.3	nan	161.0	5.0	nan	nan	U		Unknown	Unknown	1	0.0	nan	nan	nan	nan	0.0	nan	Unknown	Unknown	nan	nan	nan	nan	nan	nan	nan	nan	nan	nan	nan	nan	nan	nan	nan	nan	nan	nan	nan	nan	-2147483648	nan	Unknown	nan	nan	nan	nan	nan	2008ApJ...688.1029M			-2147483648								
289.8745833333333	20.0	53.96	3.13	nan	114.0	10.0	nan	nan	U		Unknown	Unknown	1	0.0	nan	nan	nan	nan	0.0	nan	Unknown	Unknown	nan	nan	nan	nan	nan	nan	nan	nan	nan	nan	nan	nan	nan	nan	nan	nan	nan	nan	nan	nan	-2147483648	nan	Unknown	nan	nan	nan	nan	nan	2008ApJ...688.1029M			-2147483648								
291.15374999999995	20.0	54.95	2.3	nan	234.0	6.0	nan	nan	U		Unknown	Unknown	1	0.0	nan	nan	nan	nan	0.0	nan	Unknown	Unknown	nan	nan	nan	nan	nan	nan	nan	nan	nan	nan	nan	nan	nan	nan	nan	nan	nan	nan	nan	nan	-2147483648	nan	Unknown	nan	nan	nan	nan	nan	2008ApJ...688.1029M			-2147483648								
289.7858333333333	21.0	55.34	3.95	nan	212.0	3.0	nan	nan	U		Unknown	Unknown	1	0.0	nan	nan	nan	nan	0.0	nan	Unknown	Unknown	nan	nan	nan	nan	nan	nan	nan	nan	nan	nan	nan	nan	nan	nan	nan	nan	nan	nan	nan	nan	-2147483648	nan	Unknown	nan	nan	nan	nan	nan	2008ApJ...688.1029M			-2147483648								
295.92291666666665	18.0	55.4	-2.58	nan	-76.0	8.0	nan	nan	U		Unknown	Unknown	1	0.0	nan	nan	nan	nan	0.0	nan	Unknown	Unknown	nan	nan	nan	nan	nan	nan	nan	nan	nan	nan	nan	nan	nan	nan	nan	nan	nan	nan	nan	nan	-2147483648	nan	Unknown	nan	nan	nan	nan	nan	2008ApJ...688.1029M			-2147483648								
291.4979166666667	21.0	55.56	2.26	nan	206.0	15.0	nan	nan	U		Unknown	Unknown	1	1.0	nan	nan	nan	nan	0.0	nan	Unknown	Unknown	nan	nan	nan	nan	nan	nan	nan	nan	nan	nan	nan	nan	nan	nan	nan	nan	nan	nan	nan	nan	-2147483648	nan	Unknown	nan	nan	nan	nan	nan	2008ApJ...688.1029M			-2147483648								
293.35583333333335	20.0	55.64	0.32	nan	152.0	8.0	nan	nan	U		Unknown	Unknown	1	0.0	nan	nan	nan	nan	0.0	nan	Unknown	Unknown	nan	nan	nan	nan	nan	nan	nan	nan	nan	nan	nan	nan	nan	nan	nan	nan	nan	nan	nan	nan	-2147483648	nan	Unknown	nan	nan	nan	nan	nan	2008ApJ...688.1029M			-2147483648								
293.79333333333335	20.0	56.08	0.1	nan	67.0	12.0	nan	nan	U		Unknown	Unknown	1	0.0	nan	nan	nan	nan	0.0	nan	Unknown	Unknown	nan	nan	nan	nan	nan	nan	nan	nan	nan	nan	nan	nan	nan	nan	nan	nan	nan	nan	nan	nan	-2147483648	nan	Unknown	nan	nan	nan	nan	nan	2008ApJ...688.1029M			-2147483648								
294.4770833333333	20.0	56.18	-0.57	nan	96.0	15.0	nan	nan	U		Unknown	Unknown	1	0.0	nan	nan	nan	nan	0.0	nan	Unknown	Unknown	nan	nan	nan	nan	nan	nan	nan	nan	nan	nan	nan	nan	nan	nan	nan	nan	nan	nan	nan	nan	-2147483648	nan	Unknown	nan	nan	nan	nan	nan	2008ApJ...688.1029M			-2147483648								
296.3745833333333	19.0	56.59	-2.39	nan	-227.0	8.0	nan	nan	U		Unknown	Unknown	1	0.0	nan	nan	nan	nan	0.0	nan	Unknown	Unknown	nan	nan	nan	nan	nan	nan	nan	nan	nan	nan	nan	nan	nan	nan	nan	nan	nan	nan	nan	nan	-2147483648	nan	Unknown	nan	nan	nan	nan	nan	2008ApJ...688.1029M			-2147483648								
295.19416666666666	20.0	56.6	-1.11	nan	-170.0	26.0	nan	nan	U		Unknown	Unknown	1	0.0	nan	nan	nan	nan	0.0	nan	Unknown	Unknown	nan	nan	nan	nan	nan	nan	nan	nan	nan	nan	nan	nan	nan	nan	nan	nan	nan	nan	nan	nan	-2147483648	nan	Unknown	nan	nan	nan	nan	nan	2008ApJ...688.1029M			-2147483648								
294.01000000000005	21.0	56.62	0.17	nan	117.0	18.0	nan	nan	U		Unknown	Unknown	1	0.0	nan	nan	nan	nan	0.0	nan	Unknown	Unknown	nan	nan	nan	nan	nan	nan	nan	nan	nan	nan	nan	nan	nan	nan	nan	nan	nan	nan	nan	nan	-2147483648	nan	Unknown	nan	nan	nan	nan	nan	2008ApJ...688.1029M			-2147483648								
293.3808333333333	21.0	56.85	0.97	nan	-4.0	6.0	nan	nan	U		Unknown	Unknown	1	0.0	nan	nan	nan	nan	0.0	nan	Unknown	Unknown	nan	nan	nan	nan	nan	nan	nan	nan	nan	nan	nan	nan	nan	nan	nan	nan	nan	nan	nan	nan	-2147483648	nan	Unknown	nan	nan	nan	nan	nan	2008ApJ...688.1029M			-2147483648								
292.85375	22.0	57.58	1.93	nan	53.0	11.0	nan	nan	U		Unknown	Unknown	1	0.0	nan	nan	nan	nan	0.0	nan	Unknown	Unknown	nan	nan	nan	nan	nan	nan	nan	nan	nan	nan	nan	nan	nan	nan	nan	nan	nan	nan	nan	nan	-2147483648	nan	Unknown	nan	nan	nan	nan	nan	2008ApJ...688.1029M			-2147483648								
297.0029166666667	20.0	57.83	-2.36	nan	-174.0	5.0	nan	nan	U		Unknown	Unknown	1	0.0	nan	nan	nan	nan	0.0	nan	Unknown	Unknown	nan	nan	nan	nan	nan	nan	nan	nan	nan	nan	nan	nan	nan	nan	nan	nan	nan	nan	nan	nan	-2147483648	nan	Unknown	nan	nan	nan	nan	nan	2008ApJ...688.1029M			-2147483648								
297.46541666666667	21.0	58.29	-2.59	nan	-152.0	12.0	nan	nan	U		Unknown	Unknown	1	0.0	nan	nan	nan	nan	0.0	nan	Unknown	Unknown	nan	nan	nan	nan	nan	nan	nan	nan	nan	nan	nan	nan	nan	nan	nan	nan	nan	nan	nan	nan	-2147483648	nan	Unknown	nan	nan	nan	nan	nan	2008ApJ...688.1029M			-2147483648								
292.955	23.0	58.38	2.26	nan	41.0	10.0	nan	nan	U		Unknown	Unknown	1	0.0	nan	nan	nan	nan	0.0	nan	Unknown	Unknown	nan	nan	nan	nan	nan	nan	nan	nan	nan	nan	nan	nan	nan	nan	nan	nan	nan	nan	nan	nan	-2147483648	nan	Unknown	nan	nan	nan	nan	nan	2008ApJ...688.1029M			-2147483648								
292.65791666666667	23.0	58.48	2.62	nan	112.0	12.0	nan	nan	U		Unknown	Unknown	1	0.0	nan	nan	nan	nan	0.0	nan	Unknown	Unknown	nan	nan	nan	nan	nan	nan	nan	nan	nan	nan	nan	nan	nan	nan	nan	nan	nan	nan	nan	nan	-2147483648	nan	Unknown	nan	nan	nan	nan	nan	2008ApJ...688.1029M			-2147483648								
295.98999999999995	22.0	58.77	-0.73	nan	-17.0	12.0	nan	nan	U		Unknown	Unknown	1	0.0	nan	nan	nan	nan	0.0	nan	Unknown	Unknown	nan	nan	nan	nan	nan	nan	nan	nan	nan	nan	nan	nan	nan	nan	nan	nan	nan	nan	nan	nan	-2147483648	nan	Unknown	nan	nan	nan	nan	nan	2008ApJ...688.1029M			-2147483648								
297.56083333333333	21.0	58.78	-2.4	nan	-210.0	4.0	nan	nan	U		Unknown	Unknown	1	0.0	nan	nan	nan	nan	0.0	nan	Unknown	Unknown	nan	nan	nan	nan	nan	nan	nan	nan	nan	nan	nan	nan	nan	nan	nan	nan	nan	nan	nan	nan	-2147483648	nan	Unknown	nan	nan	nan	nan	nan	2008ApJ...688.1029M			-2147483648								
295.20958333333334	23.0	58.97	0.2	nan	73.0	8.0	nan	nan	U		Unknown	Unknown	1	0.0	nan	nan	nan	nan	0.0	nan	Unknown	Unknown	nan	nan	nan	nan	nan	nan	nan	nan	nan	nan	nan	nan	nan	nan	nan	nan	nan	nan	nan	nan	-2147483648	nan	Unknown	nan	nan	nan	nan	nan	2008ApJ...688.1029M			-2147483648								
293.685	23.0	59.03	1.85	nan	-105.0	14.0	nan	nan	U		Unknown	Unknown	1	0.0	nan	nan	nan	nan	0.0	nan	Unknown	Unknown	nan	nan	nan	nan	nan	nan	nan	nan	nan	nan	nan	nan	nan	nan	nan	nan	nan	nan	nan	nan	-2147483648	nan	Unknown	nan	nan	nan	nan	nan	2008ApJ...688.1029M			-2147483648								
292.8275	24.0	59.17	2.82	nan	89.0	12.0	nan	nan	U		Unknown	Unknown	1	0.0	nan	nan	nan	nan	0.0	nan	Unknown	Unknown	nan	nan	nan	nan	nan	nan	nan	nan	nan	nan	nan	nan	nan	nan	nan	nan	nan	nan	nan	nan	-2147483648	nan	Unknown	nan	nan	nan	nan	nan	2008ApJ...688.1029M			-2147483648								
292.56416666666667	24.0	59.37	3.21	nan	2.0	7.0	nan	nan	U		Unknown	Unknown	1	0.0	nan	nan	nan	nan	0.0	nan	Unknown	Unknown	nan	nan	nan	nan	nan	nan	nan	nan	nan	nan	nan	nan	nan	nan	nan	nan	nan	nan	nan	nan	-2147483648	nan	Unknown	nan	nan	nan	nan	nan	2008ApJ...688.1029M			-2147483648								
292.2591666666667	25.0	59.47	3.57	nan	-44.0	14.0	nan	nan	U		Unknown	Unknown	1	0.0	nan	nan	nan	nan	0.0	nan	Unknown	Unknown	nan	nan	nan	nan	nan	nan	nan	nan	nan	nan	nan	nan	nan	nan	nan	nan	nan	nan	nan	nan	-2147483648	nan	Unknown	nan	nan	nan	nan	nan	2008ApJ...688.1029M			-2147483648								
292.41583333333335	25.0	59.48	3.42	nan	-83.0	8.0	nan	nan	U		Unknown	Unknown	1	0.0	nan	nan	nan	nan	0.0	nan	Unknown	Unknown	nan	nan	nan	nan	nan	nan	nan	nan	nan	nan	nan	nan	nan	nan	nan	nan	nan	nan	nan	nan	-2147483648	nan	Unknown	nan	nan	nan	nan	nan	2008ApJ...688.1029M			-2147483648								
293.83458333333334	24.0	59.48	1.95	nan	-79.0	9.0	nan	nan	U		Unknown	Unknown	1	0.0	nan	nan	nan	nan	0.0	nan	Unknown	Unknown	nan	nan	nan	nan	nan	nan	nan	nan	nan	nan	nan	nan	nan	nan	nan	nan	nan	nan	nan	nan	-2147483648	nan	Unknown	nan	nan	nan	nan	nan	2008ApJ...688.1029M			-2147483648								
295.82625	23.0	59.6	-0.07	nan	-387.0	8.0	nan	nan	U		Unknown	Unknown	1	0.0	nan	nan	nan	nan	0.0	nan	Unknown	Unknown	nan	nan	nan	nan	nan	nan	nan	nan	nan	nan	nan	nan	nan	nan	nan	nan	nan	nan	nan	nan	-2147483648	nan	Unknown	nan	nan	nan	nan	nan	2008ApJ...688.1029M			-2147483648								
297.17083333333335	23.0	59.87	-1.35	nan	-85.0	15.0	nan	nan	U		Unknown	Unknown	1	0.0	nan	nan	nan	nan	0.0	nan	Unknown	Unknown	nan	nan	nan	nan	nan	nan	nan	nan	nan	nan	nan	nan	nan	nan	nan	nan	nan	nan	nan	nan	-2147483648	nan	Unknown	nan	nan	nan	nan	nan	2008ApJ...688.1029M			-2147483648								
292.7054166666666	25.0	60.09	3.45	nan	-67.0	7.0	nan	nan	U		Unknown	Unknown	1	0.0	nan	nan	nan	nan	0.0	nan	Unknown	Unknown	nan	nan	nan	nan	nan	nan	nan	nan	nan	nan	nan	nan	nan	nan	nan	nan	nan	nan	nan	nan	-2147483648	nan	Unknown	nan	nan	nan	nan	nan	2008ApJ...688.1029M			-2147483648								
294.32916666666665	25.0	60.29	1.89	nan	-102.0	5.0	nan	nan	U		Unknown	Unknown	1	0.0	nan	nan	nan	nan	0.0	nan	Unknown	Unknown	nan	nan	nan	nan	nan	nan	nan	nan	nan	nan	nan	nan	nan	nan	nan	nan	nan	nan	nan	nan	-2147483648	nan	Unknown	nan	nan	nan	nan	nan	2008ApJ...688.1029M			-2147483648								
295.20208333333335	24.0	60.44	1.06	nan	-54.0	10.0	nan	nan	U		Unknown	Unknown	1	0.0	nan	nan	nan	nan	0.0	nan	Unknown	Unknown	nan	nan	nan	nan	nan	nan	nan	nan	nan	nan	nan	nan	nan	nan	nan	nan	nan	nan	nan	nan	-2147483648	nan	Unknown	nan	nan	nan	nan	nan	2008ApJ...688.1029M			-2147483648								
297.0083333333333	24.0	60.78	-0.64	nan	-184.0	10.0	nan	nan	U		Unknown	Unknown	1	0.0	nan	nan	nan	nan	0.0	nan	Unknown	Unknown	nan	nan	nan	nan	nan	nan	nan	nan	nan	nan	nan	nan	nan	nan	nan	nan	nan	nan	nan	nan	-2147483648	nan	Unknown	nan	nan	nan	nan	nan	2008ApJ...688.1029M			-2147483648								
294.8925	25.0	60.81	1.59	nan	24.0	8.0	nan	nan	U		Unknown	Unknown	1	0.0	nan	nan	nan	nan	0.0	nan	Unknown	Unknown	nan	nan	nan	nan	nan	nan	nan	nan	nan	nan	nan	nan	nan	nan	nan	nan	nan	nan	nan	nan	-2147483648	nan	Unknown	nan	nan	nan	nan	nan	2008ApJ...688.1029M			-2147483648								
298.52416666666664	23.0	61.07	-2.08	nan	-154.0	6.0	nan	nan	U		Unknown	Unknown	1	0.0	nan	nan	nan	nan	0.0	nan	Unknown	Unknown	nan	nan	nan	nan	nan	nan	nan	nan	nan	nan	nan	nan	nan	nan	nan	nan	nan	nan	nan	nan	-2147483648	nan	Unknown	nan	nan	nan	nan	nan	2008ApJ...688.1029M			-2147483648								
292.81125	26.0	61.16	3.92	nan	214.0	7.0	nan	nan	U		Unknown	Unknown	1	0.0	nan	nan	nan	nan	0.0	nan	Unknown	Unknown	nan	nan	nan	nan	nan	nan	nan	nan	nan	nan	nan	nan	nan	nan	nan	nan	nan	nan	nan	nan	-2147483648	nan	Unknown	nan	nan	nan	nan	nan	2008ApJ...688.1029M			-2147483648								
294.74291666666664	26.0	61.95	2.39	nan	58.0	21.0	nan	nan	U		Unknown	Unknown	1	0.0	nan	nan	nan	nan	0.0	nan	Unknown	Unknown	nan	nan	nan	nan	nan	nan	nan	nan	nan	nan	nan	nan	nan	nan	nan	nan	nan	nan	nan	nan	-2147483648	nan	Unknown	nan	nan	nan	nan	nan	2008ApJ...688.1029M			-2147483648								
299.2729166666667	24.0	61.98	-2.33	nan	-179.0	15.0	nan	nan	U		Unknown	Unknown	1	0.0	nan	nan	nan	nan	0.0	nan	Unknown	Unknown	nan	nan	nan	nan	nan	nan	nan	nan	nan	nan	nan	nan	nan	nan	nan	nan	nan	nan	nan	nan	-2147483648	nan	Unknown	nan	nan	nan	nan	nan	2008ApJ...688.1029M			-2147483648								
298.2029166666667	25.0	62.36	-0.96	nan	-96.0	11.0	nan	nan	U		Unknown	Unknown	1	1.0	nan	nan	nan	nan	0.0	nan	Unknown	Unknown	nan	nan	nan	nan	nan	nan	nan	nan	nan	nan	nan	nan	nan	nan	nan	nan	nan	nan	nan	nan	-2147483648	nan	Unknown	nan	nan	nan	nan	nan	2008ApJ...688.1029M			-2147483648								
298.96750000000003	25.0	62.36	-1.77	nan	-53.0	5.0	nan	nan	U		Unknown	Unknown	1	0.0	nan	nan	nan	nan	0.0	nan	Unknown	Unknown	nan	nan	nan	nan	nan	nan	nan	nan	nan	nan	nan	nan	nan	nan	nan	nan	nan	nan	nan	nan	-2147483648	nan	Unknown	nan	nan	nan	nan	nan	2008ApJ...688.1029M			-2147483648								
295.985	26.0	62.48	1.42	nan	86.0	8.0	nan	nan	U		Unknown	Unknown	1	0.0	nan	nan	nan	nan	0.0	nan	Unknown	Unknown	nan	nan	nan	nan	nan	nan	nan	nan	nan	nan	nan	nan	nan	nan	nan	nan	nan	nan	nan	nan	-2147483648	nan	Unknown	nan	nan	nan	nan	nan	2008ApJ...688.1029M			-2147483648								
96.07833333333333	4.0	205.43	-3.75	nan	60.0	10.0	nan	nan	U		Unknown	Unknown	1	0.0	nan	nan	nan	nan	0.0	nan	Unknown	Unknown	nan	nan	nan	nan	nan	nan	nan	nan	nan	nan	nan	nan	nan	nan	nan	nan	nan	nan	nan	nan	-2147483648	nan	Unknown	nan	nan	nan	nan	nan	2008ApJ...688.1029M			-2147483648								
104.00416666666668	8.0	205.81	4.91	nan	26.0	8.0	nan	nan	U		Unknown	Unknown	1	0.0	nan	nan	nan	nan	0.0	nan	Unknown	Unknown	nan	nan	nan	nan	nan	nan	nan	nan	nan	nan	nan	nan	nan	nan	nan	nan	nan	nan	nan	nan	-2147483648	nan	Unknown	nan	nan	nan	nan	nan	2008ApJ...688.1029M			-2147483648								
102.69125	7.0	205.92	3.39	nan	26.0	15.0	nan	nan	U		Unknown	Unknown	1	0.0	nan	nan	nan	nan	0.0	nan	Unknown	Unknown	nan	nan	nan	nan	nan	nan	nan	nan	nan	nan	nan	nan	nan	nan	nan	nan	nan	nan	nan	nan	-2147483648	nan	Unknown	nan	nan	nan	nan	nan	2008ApJ...688.1029M			-2147483648								
99.02374999999999	4.0	207.14	-1.33	nan	59.0	7.0	nan	nan	U		Unknown	Unknown	1	1.0	nan	nan	nan	nan	0.0	nan	Unknown	Unknown	nan	nan	nan	nan	nan	nan	nan	nan	nan	nan	nan	nan	nan	nan	nan	nan	nan	nan	nan	nan	-2147483648	nan	Unknown	nan	nan	nan	nan	nan	2008ApJ...688.1029M			-2147483648								
103.55291666666666	6.0	207.37	3.62	nan	109.0	7.0	nan	nan	U		Unknown	Unknown	1	0.0	nan	nan	nan	nan	0.0	nan	Unknown	Unknown	nan	nan	nan	nan	nan	nan	nan	nan	nan	nan	nan	nan	nan	nan	nan	nan	nan	nan	nan	nan	-2147483648	nan	Unknown	nan	nan	nan	nan	nan	2008ApJ...688.1029M			-2147483648								
103.28791666666666	6.0	207.52	3.25	nan	128.0	7.0	nan	nan	U		Unknown	Unknown	1	0.0	nan	nan	nan	nan	0.0	nan	Unknown	Unknown	nan	nan	nan	nan	nan	nan	nan	nan	nan	nan	nan	nan	nan	nan	nan	nan	nan	nan	nan	nan	-2147483648	nan	Unknown	nan	nan	nan	nan	nan	2008ApJ...688.1029M			-2147483648								
96.61666666666667	2.0	207.82	-4.39	nan	-17.0	9.0	nan	nan	U		Unknown	Unknown	1	0.0	nan	nan	nan	nan	0.0	nan	Unknown	Unknown	nan	nan	nan	nan	nan	nan	nan	nan	nan	nan	nan	nan	nan	nan	nan	nan	nan	nan	nan	nan	-2147483648	nan	Unknown	nan	nan	nan	nan	nan	2008ApJ...688.1029M			-2147483648								
102.50291666666666	5.0	207.97	2.14	nan	153.0	5.0	nan	nan	U		Unknown	Unknown	1	0.0	nan	nan	nan	nan	0.0	nan	Unknown	Unknown	nan	nan	nan	nan	nan	nan	nan	nan	nan	nan	nan	nan	nan	nan	nan	nan	nan	nan	nan	nan	-2147483648	nan	Unknown	nan	nan	nan	nan	nan	2008ApJ...688.1029M			-2147483648								
98.79249999999999	2.0	209.15	-2.62	nan	112.0	7.0	nan	nan	U		Unknown	Unknown	1	0.0	nan	nan	nan	nan	0.0	nan	Unknown	Unknown	nan	nan	nan	nan	nan	nan	nan	nan	nan	nan	nan	nan	nan	nan	nan	nan	nan	nan	nan	nan	-2147483648	nan	Unknown	nan	nan	nan	nan	nan	2008ApJ...688.1029M			-2147483648								
97.0525	1.0	209.25	-4.63	nan	34.0	12.0	nan	nan	U		Unknown	Unknown	1	0.0	nan	nan	nan	nan	0.0	nan	Unknown	Unknown	nan	nan	nan	nan	nan	nan	nan	nan	nan	nan	nan	nan	nan	nan	nan	nan	nan	nan	nan	nan	-2147483648	nan	Unknown	nan	nan	nan	nan	nan	2008ApJ...688.1029M			-2147483648								
105.50708333333333	5.0	209.31	4.81	nan	92.0	14.0	nan	nan	U		Unknown	Unknown	1	0.0	nan	nan	nan	nan	0.0	nan	Unknown	Unknown	nan	nan	nan	nan	nan	nan	nan	nan	nan	nan	nan	nan	nan	nan	nan	nan	nan	nan	nan	nan	-2147483648	nan	Unknown	nan	nan	nan	nan	nan	2008ApJ...688.1029M			-2147483648								
102.26916666666666	3.0	209.5	1.1	nan	-45.0	5.0	nan	nan	U		Unknown	Unknown	1	0.0	nan	nan	nan	nan	0.0	nan	Unknown	Unknown	nan	nan	nan	nan	nan	nan	nan	nan	nan	nan	nan	nan	nan	nan	nan	nan	nan	nan	nan	nan	-2147483648	nan	Unknown	nan	nan	nan	nan	nan	2008ApJ...688.1029M			-2147483648								
103.45791666666666	4.0	209.59	2.38	nan	42.0	10.0	nan	nan	U		Unknown	Unknown	1	0.0	nan	nan	nan	nan	0.0	nan	Unknown	Unknown	nan	nan	nan	nan	nan	nan	nan	nan	nan	nan	nan	nan	nan	nan	nan	nan	nan	nan	nan	nan	-2147483648	nan	Unknown	nan	nan	nan	nan	nan	2008ApJ...688.1029M			-2147483648								
99.23583333333333	1.0	210.12	-2.62	nan	99.0	5.0	nan	nan	U		Unknown	Unknown	1	0.0	nan	nan	nan	nan	0.0	nan	Unknown	Unknown	nan	nan	nan	nan	nan	nan	nan	nan	nan	nan	nan	nan	nan	nan	nan	nan	nan	nan	nan	nan	-2147483648	nan	Unknown	nan	nan	nan	nan	nan	2008ApJ...688.1029M			-2147483648								
97.96458333333334	0.0	210.16	-4.08	nan	7.0	15.0	nan	nan	U		Unknown	Unknown	1	0.0	nan	nan	nan	nan	0.0	nan	Unknown	Unknown	nan	nan	nan	nan	nan	nan	nan	nan	nan	nan	nan	nan	nan	nan	nan	nan	nan	nan	nan	nan	-2147483648	nan	Unknown	nan	nan	nan	nan	nan	2008ApJ...688.1029M			-2147483648								
102.74874999999999	2.0	210.51	1.11	nan	58.0	5.0	nan	nan	U		Unknown	Unknown	1	0.0	nan	nan	nan	nan	0.0	nan	Unknown	Unknown	nan	nan	nan	nan	nan	nan	nan	nan	nan	nan	nan	nan	nan	nan	nan	nan	nan	nan	nan	nan	-2147483648	nan	Unknown	nan	nan	nan	nan	nan	2008ApJ...688.1029M			-2147483648								
100.63333333333333	0.0	211.12	-1.56	nan	179.0	5.0	nan	nan	U		Unknown	Unknown	1	0.0	nan	nan	nan	nan	0.0	nan	Unknown	Unknown	nan	nan	nan	nan	nan	nan	nan	nan	nan	nan	nan	nan	nan	nan	nan	nan	nan	nan	nan	nan	-2147483648	nan	Unknown	nan	nan	nan	nan	nan	2008ApJ...688.1029M			-2147483648								
102.8175	1.0	211.18	0.85	nan	81.0	9.0	nan	nan	U		Unknown	Unknown	1	0.0	nan	nan	nan	nan	0.0	nan	Unknown	Unknown	nan	nan	nan	nan	nan	nan	nan	nan	nan	nan	nan	nan	nan	nan	nan	nan	nan	nan	nan	nan	-2147483648	nan	Unknown	nan	nan	nan	nan	nan	2008ApJ...688.1029M			-2147483648								
104.24041666666666	2.0	211.26	2.41	nan	73.0	7.0	nan	nan	U		Unknown	Unknown	1	0.0	nan	nan	nan	nan	0.0	nan	Unknown	Unknown	nan	nan	nan	nan	nan	nan	nan	nan	nan	nan	nan	nan	nan	nan	nan	nan	nan	nan	nan	nan	-2147483648	nan	Unknown	nan	nan	nan	nan	nan	2008ApJ...688.1029M			-2147483648								
102.84125	1.0	211.67	0.63	nan	79.0	13.0	nan	nan	U		Unknown	Unknown	1	0.0	nan	nan	nan	nan	0.0	nan	Unknown	Unknown	nan	nan	nan	nan	nan	nan	nan	nan	nan	nan	nan	nan	nan	nan	nan	nan	nan	nan	nan	nan	-2147483648	nan	Unknown	nan	nan	nan	nan	nan	2008ApJ...688.1029M			-2147483648								
101.23333333333333	0.0	212.85	-1.78	nan	187.0	13.0	nan	nan	U		Unknown	Unknown	1	0.0	nan	nan	nan	nan	0.0	nan	Unknown	Unknown	nan	nan	nan	nan	nan	nan	nan	nan	nan	nan	nan	nan	nan	nan	nan	nan	nan	nan	nan	nan	-2147483648	nan	Unknown	nan	nan	nan	nan	nan	2008ApJ...688.1029M			-2147483648								
107.16083333333334	1.0	213.14	4.73	nan	13.0	13.0	nan	nan	U		Unknown	Unknown	1	0.0	nan	nan	nan	nan	0.0	nan	Unknown	Unknown	nan	nan	nan	nan	nan	nan	nan	nan	nan	nan	nan	nan	nan	nan	nan	nan	nan	nan	nan	nan	-2147483648	nan	Unknown	nan	nan	nan	nan	nan	2008ApJ...688.1029M			-2147483648								
106.32333333333332	1.0	213.49	3.62	nan	57.0	7.0	nan	nan	U		Unknown	Unknown	1	0.0	nan	nan	nan	nan	0.0	nan	Unknown	Unknown	nan	nan	nan	nan	nan	nan	nan	nan	nan	nan	nan	nan	nan	nan	nan	nan	nan	nan	nan	nan	-2147483648	nan	Unknown	nan	nan	nan	nan	nan	2008ApJ...688.1029M			-2147483648								
100.065	-2.0	213.84	-3.6	nan	150.0	9.0	nan	nan	U		Unknown	Unknown	1	0.0	nan	nan	nan	nan	0.0	nan	Unknown	Unknown	nan	nan	nan	nan	nan	nan	nan	nan	nan	nan	nan	nan	nan	nan	nan	nan	nan	nan	nan	nan	-2147483648	nan	Unknown	nan	nan	nan	nan	nan	2008ApJ...688.1029M			-2147483648								
102.60708333333334	-1.0	214.49	-1.08	nan	86.0	14.0	nan	nan	U		Unknown	Unknown	1	0.0	nan	nan	nan	nan	0.0	nan	Unknown	Unknown	nan	nan	nan	nan	nan	nan	nan	nan	nan	nan	nan	nan	nan	nan	nan	nan	nan	nan	nan	nan	-2147483648	nan	Unknown	nan	nan	nan	nan	nan	2008ApJ...688.1029M			-2147483648								
107.72333333333333	0.0	214.76	4.53	nan	29.0	6.0	nan	nan	U		Unknown	Unknown	1	0.0	nan	nan	nan	nan	0.0	nan	Unknown	Unknown	nan	nan	nan	nan	nan	nan	nan	nan	nan	nan	nan	nan	nan	nan	nan	nan	nan	nan	nan	nan	-2147483648	nan	Unknown	nan	nan	nan	nan	nan	2008ApJ...688.1029M			-2147483648								
105.82958333333333	0.0	215.05	2.26	nan	14.0	15.0	nan	nan	U		Unknown	Unknown	1	0.0	nan	nan	nan	nan	0.0	nan	Unknown	Unknown	nan	nan	nan	nan	nan	nan	nan	nan	nan	nan	nan	nan	nan	nan	nan	nan	nan	nan	nan	nan	-2147483648	nan	Unknown	nan	nan	nan	nan	nan	2008ApJ...688.1029M			-2147483648								
106.89083333333333	0.0	215.07	3.44	nan	42.0	4.0	nan	nan	U		Unknown	Unknown	1	0.0	nan	nan	nan	nan	0.0	nan	Unknown	Unknown	nan	nan	nan	nan	nan	nan	nan	nan	nan	nan	nan	nan	nan	nan	nan	nan	nan	nan	nan	nan	-2147483648	nan	Unknown	nan	nan	nan	nan	nan	2008ApJ...688.1029M			-2147483648								
107.42541666666666	0.0	215.17	3.99	nan	38.0	6.0	nan	nan	U		Unknown	Unknown	1	0.0	nan	nan	nan	nan	0.0	nan	Unknown	Unknown	nan	nan	nan	nan	nan	nan	nan	nan	nan	nan	nan	nan	nan	nan	nan	nan	nan	nan	nan	nan	-2147483648	nan	Unknown	nan	nan	nan	nan	nan	2008ApJ...688.1029M			-2147483648								
107.29708333333333	0.0	215.65	3.59	nan	32.0	6.0	nan	nan	U		Unknown	Unknown	1	0.0	nan	nan	nan	nan	0.0	nan	Unknown	Unknown	nan	nan	nan	nan	nan	nan	nan	nan	nan	nan	nan	nan	nan	nan	nan	nan	nan	nan	nan	nan	-2147483648	nan	Unknown	nan	nan	nan	nan	nan	2008ApJ...688.1029M			-2147483648								
103.51083333333334	-2.0	215.73	-0.7	nan	62.0	11.0	nan	nan	U		Unknown	Unknown	1	0.0	nan	nan	nan	nan	0.0	nan	Unknown	Unknown	nan	nan	nan	nan	nan	nan	nan	nan	nan	nan	nan	nan	nan	nan	nan	nan	nan	nan	nan	nan	-2147483648	nan	Unknown	nan	nan	nan	nan	nan	2008ApJ...688.1029M			-2147483648								
104.63416666666667	-2.0	216.04	0.4	nan	103.0	16.0	nan	nan	U		Unknown	Unknown	1	0.0	nan	nan	nan	nan	0.0	nan	Unknown	Unknown	nan	nan	nan	nan	nan	nan	nan	nan	nan	nan	nan	nan	nan	nan	nan	nan	nan	nan	nan	nan	-2147483648	nan	Unknown	nan	nan	nan	nan	nan	2008ApJ...688.1029M			-2147483648								
105.91041666666666	-2.0	216.5	1.6	nan	7.0	5.0	nan	nan	U		Unknown	Unknown	1	0.0	nan	nan	nan	nan	0.0	nan	Unknown	Unknown	nan	nan	nan	nan	nan	nan	nan	nan	nan	nan	nan	nan	nan	nan	nan	nan	nan	nan	nan	nan	-2147483648	nan	Unknown	nan	nan	nan	nan	nan	2008ApJ...688.1029M			-2147483648								
101.05791666666667	-5.0	216.82	-4.0	nan	153.0	3.0	nan	nan	U		Unknown	Unknown	1	0.0	nan	nan	nan	nan	0.0	nan	Unknown	Unknown	nan	nan	nan	nan	nan	nan	nan	nan	nan	nan	nan	nan	nan	nan	nan	nan	nan	nan	nan	nan	-2147483648	nan	Unknown	nan	nan	nan	nan	nan	2008ApJ...688.1029M			-2147483648								
104.82625	-3.0	216.89	0.18	nan	88.0	7.0	nan	nan	U		Unknown	Unknown	1	0.0	nan	nan	nan	nan	0.0	nan	Unknown	Unknown	nan	nan	nan	nan	nan	nan	nan	nan	nan	nan	nan	nan	nan	nan	nan	nan	nan	nan	nan	nan	-2147483648	nan	Unknown	nan	nan	nan	nan	nan	2008ApJ...688.1029M			-2147483648								
108.60083333333333	-1.0	217.27	4.23	nan	64.0	7.0	nan	nan	U		Unknown	Unknown	1	0.0	nan	nan	nan	nan	0.0	nan	Unknown	Unknown	nan	nan	nan	nan	nan	nan	nan	nan	nan	nan	nan	nan	nan	nan	nan	nan	nan	nan	nan	nan	-2147483648	nan	Unknown	nan	nan	nan	nan	nan	2008ApJ...688.1029M			-2147483648								
109.17541666666666	-1.0	217.45	4.78	nan	122.0	5.0	nan	nan	U		Unknown	Unknown	1	0.0	nan	nan	nan	nan	0.0	nan	Unknown	Unknown	nan	nan	nan	nan	nan	nan	nan	nan	nan	nan	nan	nan	nan	nan	nan	nan	nan	nan	nan	nan	-2147483648	nan	Unknown	nan	nan	nan	nan	nan	2008ApJ...688.1029M			-2147483648								
103.71000000000001	-4.0	217.48	-1.37	nan	202.0	7.0	nan	nan	U		Unknown	Unknown	1	0.0	nan	nan	nan	nan	0.0	nan	Unknown	Unknown	nan	nan	nan	nan	nan	nan	nan	nan	nan	nan	nan	nan	nan	nan	nan	nan	nan	nan	nan	nan	-2147483648	nan	Unknown	nan	nan	nan	nan	nan	2008ApJ...688.1029M			-2147483648								
102.44	-5.0	217.78	-2.95	nan	88.0	9.0	nan	nan	U		Unknown	Unknown	1	0.0	nan	nan	nan	nan	0.0	nan	Unknown	Unknown	nan	nan	nan	nan	nan	nan	nan	nan	nan	nan	nan	nan	nan	nan	nan	nan	nan	nan	nan	nan	-2147483648	nan	Unknown	nan	nan	nan	nan	nan	2008ApJ...688.1029M			-2147483648								
108.94583333333334	-2.0	217.96	4.26	nan	110.0	11.0	nan	nan	U		Unknown	Unknown	1	1.0	nan	nan	nan	nan	0.0	nan	Unknown	Unknown	nan	nan	nan	nan	nan	nan	nan	nan	nan	nan	nan	nan	nan	nan	nan	nan	nan	nan	nan	nan	-2147483648	nan	Unknown	nan	nan	nan	nan	nan	2008ApJ...688.1029M			-2147483648								
101.64458333333333	-6.0	218.01	-3.95	nan	78.0	7.0	nan	nan	U		Unknown	Unknown	1	0.0	nan	nan	nan	nan	0.0	nan	Unknown	Unknown	nan	nan	nan	nan	nan	nan	nan	nan	nan	nan	nan	nan	nan	nan	nan	nan	nan	nan	nan	nan	-2147483648	nan	Unknown	nan	nan	nan	nan	nan	2008ApJ...688.1029M			-2147483648								
108.59916666666666	-2.0	218.14	3.78	nan	88.0	8.0	nan	nan	U		Unknown	Unknown	1	0.0	nan	nan	nan	nan	0.0	nan	Unknown	Unknown	nan	nan	nan	nan	nan	nan	nan	nan	nan	nan	nan	nan	nan	nan	nan	nan	nan	nan	nan	nan	-2147483648	nan	Unknown	nan	nan	nan	nan	nan	2008ApJ...688.1029M			-2147483648								
107.58375	-3.0	218.41	2.5	nan	116.0	16.0	nan	nan	U		Unknown	Unknown	1	1.0	nan	nan	nan	nan	0.0	nan	Unknown	Unknown	nan	nan	nan	nan	nan	nan	nan	nan	nan	nan	nan	nan	nan	nan	nan	nan	nan	nan	nan	nan	-2147483648	nan	Unknown	nan	nan	nan	nan	nan	2008ApJ...688.1029M			-2147483648								
106.01124999999999	-4.0	218.81	0.52	nan	88.0	10.0	nan	nan	U		Unknown	Unknown	1	0.0	nan	nan	nan	nan	0.0	nan	Unknown	Unknown	nan	nan	nan	nan	nan	nan	nan	nan	nan	nan	nan	nan	nan	nan	nan	nan	nan	nan	nan	nan	-2147483648	nan	Unknown	nan	nan	nan	nan	nan	2008ApJ...688.1029M			-2147483648								
101.33375	-7.0	219.19	-4.89	nan	86.0	5.0	nan	nan	U		Unknown	Unknown	1	0.0	nan	nan	nan	nan	0.0	nan	Unknown	Unknown	nan	nan	nan	nan	nan	nan	nan	nan	nan	nan	nan	nan	nan	nan	nan	nan	nan	nan	nan	nan	-2147483648	nan	Unknown	nan	nan	nan	nan	nan	2008ApJ...688.1029M			-2147483648								
106.52666666666666	-5.0	219.27	0.86	nan	103.0	7.0	nan	nan	U		Unknown	Unknown	1	0.0	nan	nan	nan	nan	0.0	nan	Unknown	Unknown	nan	nan	nan	nan	nan	nan	nan	nan	nan	nan	nan	nan	nan	nan	nan	nan	nan	nan	nan	nan	-2147483648	nan	Unknown	nan	nan	nan	nan	nan	2008ApJ...688.1029M			-2147483648								
108.33458333333334	-4.0	219.48	2.79	nan	74.0	8.0	nan	nan	U		Unknown	Unknown	1	0.0	nan	nan	nan	nan	0.0	nan	Unknown	Unknown	nan	nan	nan	nan	nan	nan	nan	nan	nan	nan	nan	nan	nan	nan	nan	nan	nan	nan	nan	nan	-2147483648	nan	Unknown	nan	nan	nan	nan	nan	2008ApJ...688.1029M			-2147483648								
108.61875	-4.0	219.6	3.04	nan	87.0	10.0	nan	nan	U		Unknown	Unknown	1	0.0	nan	nan	nan	nan	0.0	nan	Unknown	Unknown	nan	nan	nan	nan	nan	nan	nan	nan	nan	nan	nan	nan	nan	nan	nan	nan	nan	nan	nan	nan	-2147483648	nan	Unknown	nan	nan	nan	nan	nan	2008ApJ...688.1029M			-2147483648								
102.72083333333332	-7.0	219.75	-3.63	nan	56.0	33.0	nan	nan	U		Unknown	Unknown	1	0.0	nan	nan	nan	nan	0.0	nan	Unknown	Unknown	nan	nan	nan	nan	nan	nan	nan	nan	nan	nan	nan	nan	nan	nan	nan	nan	nan	nan	nan	nan	-2147483648	nan	Unknown	nan	nan	nan	nan	nan	2008ApJ...688.1029M			-2147483648								
107.29958333333333	-5.0	220.02	1.34	nan	69.0	3.0	nan	nan	U		Unknown	Unknown	1	0.0	nan	nan	nan	nan	0.0	nan	Unknown	Unknown	nan	nan	nan	nan	nan	nan	nan	nan	nan	nan	nan	nan	nan	nan	nan	nan	nan	nan	nan	nan	-2147483648	nan	Unknown	nan	nan	nan	nan	nan	2008ApJ...688.1029M			-2147483648								
101.90833333333333	-8.0	220.07	-4.7	nan	69.0	8.0	nan	nan	U		Unknown	Unknown	1	0.0	nan	nan	nan	nan	0.0	nan	Unknown	Unknown	nan	nan	nan	nan	nan	nan	nan	nan	nan	nan	nan	nan	nan	nan	nan	nan	nan	nan	nan	nan	-2147483648	nan	Unknown	nan	nan	nan	nan	nan	2008ApJ...688.1029M			-2147483648								
102.24791666666667	-8.0	220.11	-4.34	nan	78.0	8.0	nan	nan	U		Unknown	Unknown	1	0.0	nan	nan	nan	nan	0.0	nan	Unknown	Unknown	nan	nan	nan	nan	nan	nan	nan	nan	nan	nan	nan	nan	nan	nan	nan	nan	nan	nan	nan	nan	-2147483648	nan	Unknown	nan	nan	nan	nan	nan	2008ApJ...688.1029M			-2147483648								
102.72916666666666	-8.0	220.35	-3.93	nan	55.0	10.0	nan	nan	U		Unknown	Unknown	1	0.0	nan	nan	nan	nan	0.0	nan	Unknown	Unknown	nan	nan	nan	nan	nan	nan	nan	nan	nan	nan	nan	nan	nan	nan	nan	nan	nan	nan	nan	nan	-2147483648	nan	Unknown	nan	nan	nan	nan	nan	2008ApJ...688.1029M			-2147483648								
102.72916666666666	-8.0	220.35	-3.93	nan	68.0	10.0	nan	nan	U		Unknown	Unknown	1	0.0	nan	nan	nan	nan	0.0	nan	Unknown	Unknown	nan	nan	nan	nan	nan	nan	nan	nan	nan	nan	nan	nan	nan	nan	nan	nan	nan	nan	nan	nan	-2147483648	nan	Unknown	nan	nan	nan	nan	nan	2008ApJ...688.1029M			-2147483648								
101.83333333333333	-8.0	220.42	-4.95	nan	90.0	7.0	nan	nan	U		Unknown	Unknown	1	0.0	nan	nan	nan	nan	0.0	nan	Unknown	Unknown	nan	nan	nan	nan	nan	nan	nan	nan	nan	nan	nan	nan	nan	nan	nan	nan	nan	nan	nan	nan	-2147483648	nan	Unknown	nan	nan	nan	nan	nan	2008ApJ...688.1029M			-2147483648								
106.02208333333334	-6.0	220.44	-0.31	nan	118.0	8.0	nan	nan	U		Unknown	Unknown	1	0.0	nan	nan	nan	nan	0.0	nan	Unknown	Unknown	nan	nan	nan	nan	nan	nan	nan	nan	nan	nan	nan	nan	nan	nan	nan	nan	nan	nan	nan	nan	-2147483648	nan	Unknown	nan	nan	nan	nan	nan	2008ApJ...688.1029M			-2147483648								
107.75916666666666	-6.0	220.65	1.53	nan	94.0	8.0	nan	nan	U		Unknown	Unknown	1	0.0	nan	nan	nan	nan	0.0	nan	Unknown	Unknown	nan	nan	nan	nan	nan	nan	nan	nan	nan	nan	nan	nan	nan	nan	nan	nan	nan	nan	nan	nan	-2147483648	nan	Unknown	nan	nan	nan	nan	nan	2008ApJ...688.1029M			-2147483648								
107.2925	-6.0	220.79	0.93	nan	86.0	11.0	nan	nan	U		Unknown	Unknown	1	0.0	nan	nan	nan	nan	0.0	nan	Unknown	Unknown	nan	nan	nan	nan	nan	nan	nan	nan	nan	nan	nan	nan	nan	nan	nan	nan	nan	nan	nan	nan	-2147483648	nan	Unknown	nan	nan	nan	nan	nan	2008ApJ...688.1029M			-2147483648								
102.36583333333333	-9.0	221.0	-4.66	nan	68.0	4.0	nan	nan	U		Unknown	Unknown	1	0.0	nan	nan	nan	nan	0.0	nan	Unknown	Unknown	nan	nan	nan	nan	nan	nan	nan	nan	nan	nan	nan	nan	nan	nan	nan	nan	nan	nan	nan	nan	-2147483648	nan	Unknown	nan	nan	nan	nan	nan	2008ApJ...688.1029M			-2147483648								
104.4425	-8.0	221.01	-2.36	nan	78.0	5.0	nan	nan	U		Unknown	Unknown	1	0.0	nan	nan	nan	nan	0.0	nan	Unknown	Unknown	nan	nan	nan	nan	nan	nan	nan	nan	nan	nan	nan	nan	nan	nan	nan	nan	nan	nan	nan	nan	-2147483648	nan	Unknown	nan	nan	nan	nan	nan	2008ApJ...688.1029M			-2147483648								
103.92999999999999	-8.0	221.06	-2.95	nan	99.0	8.0	nan	nan	U		Unknown	Unknown	1	0.0	nan	nan	nan	nan	0.0	nan	Unknown	Unknown	nan	nan	nan	nan	nan	nan	nan	nan	nan	nan	nan	nan	nan	nan	nan	nan	nan	nan	nan	nan	-2147483648	nan	Unknown	nan	nan	nan	nan	nan	2008ApJ...688.1029M			-2147483648								
107.45875000000001	-7.0	221.32	0.84	nan	145.0	12.0	nan	nan	U		Unknown	Unknown	1	0.0	nan	nan	nan	nan	0.0	nan	Unknown	Unknown	nan	nan	nan	nan	nan	nan	nan	nan	nan	nan	nan	nan	nan	nan	nan	nan	nan	nan	nan	nan	-2147483648	nan	Unknown	nan	nan	nan	nan	nan	2008ApJ...688.1029M			-2147483648								
104.97083333333333	-8.0	221.54	-2.04	nan	75.0	11.0	nan	nan	U		Unknown	Unknown	1	0.0	nan	nan	nan	nan	0.0	nan	Unknown	Unknown	nan	nan	nan	nan	nan	nan	nan	nan	nan	nan	nan	nan	nan	nan	nan	nan	nan	nan	nan	nan	-2147483648	nan	Unknown	nan	nan	nan	nan	nan	2008ApJ...688.1029M			-2147483648								
111.44833333333334	-6.0	222.39	4.76	nan	22.0	12.0	nan	nan	U		Unknown	Unknown	1	0.0	nan	nan	nan	nan	0.0	nan	Unknown	Unknown	nan	nan	nan	nan	nan	nan	nan	nan	nan	nan	nan	nan	nan	nan	nan	nan	nan	nan	nan	nan	-2147483648	nan	Unknown	nan	nan	nan	nan	nan	2008ApJ...688.1029M			-2147483648								
105.78583333333333	-9.0	222.72	-1.74	nan	164.0	10.0	nan	nan	U		Unknown	Unknown	1	0.0	nan	nan	nan	nan	0.0	nan	Unknown	Unknown	nan	nan	nan	nan	nan	nan	nan	nan	nan	nan	nan	nan	nan	nan	nan	nan	nan	nan	nan	nan	-2147483648	nan	Unknown	nan	nan	nan	nan	nan	2008ApJ...688.1029M			-2147483648								
103.00541666666668	-11.0	223.07	-4.99	nan	73.0	12.0	nan	nan	U		Unknown	Unknown	1	0.0	nan	nan	nan	nan	0.0	nan	Unknown	Unknown	nan	nan	nan	nan	nan	nan	nan	nan	nan	nan	nan	nan	nan	nan	nan	nan	nan	nan	nan	nan	-2147483648	nan	Unknown	nan	nan	nan	nan	nan	2008ApJ...688.1029M			-2147483648								
108.81208333333333	-8.0	223.25	1.35	nan	-128.0	6.0	nan	nan	U		Unknown	Unknown	1	0.0	nan	nan	nan	nan	0.0	nan	Unknown	Unknown	nan	nan	nan	nan	nan	nan	nan	nan	nan	nan	nan	nan	nan	nan	nan	nan	nan	nan	nan	nan	-2147483648	nan	Unknown	nan	nan	nan	nan	nan	2008ApJ...688.1029M			-2147483648								
108.60166666666667	-8.0	223.27	1.1	nan	-180.0	8.0	nan	nan	U		Unknown	Unknown	1	0.0	nan	nan	nan	nan	0.0	nan	Unknown	Unknown	nan	nan	nan	nan	nan	nan	nan	nan	nan	nan	nan	nan	nan	nan	nan	nan	nan	nan	nan	nan	-2147483648	nan	Unknown	nan	nan	nan	nan	nan	2008ApJ...688.1029M			-2147483648								
105.64874999999999	-10.0	223.33	-2.21	nan	67.0	9.0	nan	nan	U		Unknown	Unknown	1	0.0	nan	nan	nan	nan	0.0	nan	Unknown	Unknown	nan	nan	nan	nan	nan	nan	nan	nan	nan	nan	nan	nan	nan	nan	nan	nan	nan	nan	nan	nan	-2147483648	nan	Unknown	nan	nan	nan	nan	nan	2008ApJ...688.1029M			-2147483648								
105.19458333333334	-10.0	223.54	-2.82	nan	64.0	7.0	nan	nan	U		Unknown	Unknown	1	0.0	nan	nan	nan	nan	0.0	nan	Unknown	Unknown	nan	nan	nan	nan	nan	nan	nan	nan	nan	nan	nan	nan	nan	nan	nan	nan	nan	nan	nan	nan	-2147483648	nan	Unknown	nan	nan	nan	nan	nan	2008ApJ...688.1029M			-2147483648								
104.87	-11.0	223.67	-3.25	nan	95.0	10.0	nan	nan	U		Unknown	Unknown	1	0.0	nan	nan	nan	nan	0.0	nan	Unknown	Unknown	nan	nan	nan	nan	nan	nan	nan	nan	nan	nan	nan	nan	nan	nan	nan	nan	nan	nan	nan	nan	-2147483648	nan	Unknown	nan	nan	nan	nan	nan	2008ApJ...688.1029M			-2147483648								
110.43374999999999	-8.0	224.21	2.65	nan	-83.0	13.0	nan	nan	U		Unknown	Unknown	1	0.0	nan	nan	nan	nan	0.0	nan	Unknown	Unknown	nan	nan	nan	nan	nan	nan	nan	nan	nan	nan	nan	nan	nan	nan	nan	nan	nan	nan	nan	nan	-2147483648	nan	Unknown	nan	nan	nan	nan	nan	2008ApJ...688.1029M			-2147483648								
110.86875	-9.0	224.98	2.73	nan	-173.0	11.0	nan	nan	U		Unknown	Unknown	1	0.0	nan	nan	nan	nan	0.0	nan	Unknown	Unknown	nan	nan	nan	nan	nan	nan	nan	nan	nan	nan	nan	nan	nan	nan	nan	nan	nan	nan	nan	nan	-2147483648	nan	Unknown	nan	nan	nan	nan	nan	2008ApJ...688.1029M			-2147483648								
109.58749999999999	-10.0	225.41	1.07	nan	-547.0	3.0	nan	nan	U		Unknown	Unknown	1	0.0	nan	nan	nan	nan	0.0	nan	Unknown	Unknown	nan	nan	nan	nan	nan	nan	nan	nan	nan	nan	nan	nan	nan	nan	nan	nan	nan	nan	nan	nan	-2147483648	nan	Unknown	nan	nan	nan	nan	nan	2008ApJ...688.1029M			-2147483648								
113.21083333333333	-9.0	225.75	4.94	nan	-31.0	4.0	nan	nan	U		Unknown	Unknown	1	0.0	nan	nan	nan	nan	0.0	nan	Unknown	Unknown	nan	nan	nan	nan	nan	nan	nan	nan	nan	nan	nan	nan	nan	nan	nan	nan	nan	nan	nan	nan	-2147483648	nan	Unknown	nan	nan	nan	nan	nan	2008ApJ...688.1029M			-2147483648								
113.17666666666666	-9.0	226.15	4.69	nan	-31.0	8.0	nan	nan	U		Unknown	Unknown	1	0.0	nan	nan	nan	nan	0.0	nan	Unknown	Unknown	nan	nan	nan	nan	nan	nan	nan	nan	nan	nan	nan	nan	nan	nan	nan	nan	nan	nan	nan	nan	-2147483648	nan	Unknown	nan	nan	nan	nan	nan	2008ApJ...688.1029M			-2147483648								
111.18333333333334	-13.0	228.38	1.26	nan	-90.0	7.0	nan	nan	U		Unknown	Unknown	1	0.0	nan	nan	nan	nan	0.0	nan	Unknown	Unknown	nan	nan	nan	nan	nan	nan	nan	nan	nan	nan	nan	nan	nan	nan	nan	nan	nan	nan	nan	nan	-2147483648	nan	Unknown	nan	nan	nan	nan	nan	2008ApJ...688.1029M			-2147483648								
111.46958333333335	-13.0	229.12	1.18	nan	-88.0	11.0	nan	nan	U		Unknown	Unknown	1	0.0	nan	nan	nan	nan	0.0	nan	Unknown	Unknown	nan	nan	nan	nan	nan	nan	nan	nan	nan	nan	nan	nan	nan	nan	nan	nan	nan	nan	nan	nan	-2147483648	nan	Unknown	nan	nan	nan	nan	nan	2008ApJ...688.1029M			-2147483648								
110.18166666666667	-15.0	229.87	-0.64	nan	217.0	6.0	nan	nan	U		Unknown	Unknown	1	0.0	nan	nan	nan	nan	0.0	nan	Unknown	Unknown	nan	nan	nan	nan	nan	nan	nan	nan	nan	nan	nan	nan	nan	nan	nan	nan	nan	nan	nan	nan	-2147483648	nan	Unknown	nan	nan	nan	nan	nan	2008ApJ...688.1029M			-2147483648								
113.87458333333332	-13.0	230.04	3.34	nan	81.0	9.0	nan	nan	U		Unknown	Unknown	1	0.0	nan	nan	nan	nan	0.0	nan	Unknown	Unknown	nan	nan	nan	nan	nan	nan	nan	nan	nan	nan	nan	nan	nan	nan	nan	nan	nan	nan	nan	nan	-2147483648	nan	Unknown	nan	nan	nan	nan	nan	2008ApJ...688.1029M			-2147483648								
110.30624999999999	-15.0	230.09	-0.62	nan	113.0	7.0	nan	nan	U		Unknown	Unknown	1	0.0	nan	nan	nan	nan	0.0	nan	Unknown	Unknown	nan	nan	nan	nan	nan	nan	nan	nan	nan	nan	nan	nan	nan	nan	nan	nan	nan	nan	nan	nan	-2147483648	nan	Unknown	nan	nan	nan	nan	nan	2008ApJ...688.1029M			-2147483648								
111.88541666666667	-14.0	230.17	1.07	nan	105.0	9.0	nan	nan	U		Unknown	Unknown	1	0.0	nan	nan	nan	nan	0.0	nan	Unknown	Unknown	nan	nan	nan	nan	nan	nan	nan	nan	nan	nan	nan	nan	nan	nan	nan	nan	nan	nan	nan	nan	-2147483648	nan	Unknown	nan	nan	nan	nan	nan	2008ApJ...688.1029M			-2147483648								
115.17583333333334	-14.0	231.08	4.21	nan	50.0	13.0	nan	nan	U		Unknown	Unknown	1	0.0	nan	nan	nan	nan	0.0	nan	Unknown	Unknown	nan	nan	nan	nan	nan	nan	nan	nan	nan	nan	nan	nan	nan	nan	nan	nan	nan	nan	nan	nan	-2147483648	nan	Unknown	nan	nan	nan	nan	nan	2008ApJ...688.1029M			-2147483648								
112.48125	-15.0	231.2	1.16	nan	81.0	7.0	nan	nan	U		Unknown	Unknown	1	0.0	nan	nan	nan	nan	0.0	nan	Unknown	Unknown	nan	nan	nan	nan	nan	nan	nan	nan	nan	nan	nan	nan	nan	nan	nan	nan	nan	nan	nan	nan	-2147483648	nan	Unknown	nan	nan	nan	nan	nan	2008ApJ...688.1029M			-2147483648								
111.63875	-16.0	231.66	-0.01	nan	188.0	7.0	nan	nan	U		Unknown	Unknown	1	0.0	nan	nan	nan	nan	0.0	nan	Unknown	Unknown	nan	nan	nan	nan	nan	nan	nan	nan	nan	nan	nan	nan	nan	nan	nan	nan	nan	nan	nan	nan	-2147483648	nan	Unknown	nan	nan	nan	nan	nan	2008ApJ...688.1029M			-2147483648								
114.31750000000001	-15.0	231.99	2.75	nan	87.0	5.0	nan	nan	U		Unknown	Unknown	1	0.0	nan	nan	nan	nan	0.0	nan	Unknown	Unknown	nan	nan	nan	nan	nan	nan	nan	nan	nan	nan	nan	nan	nan	nan	nan	nan	nan	nan	nan	nan	-2147483648	nan	Unknown	nan	nan	nan	nan	nan	2008ApJ...688.1029M			-2147483648								
113.85791666666665	-16.0	232.66	1.87	nan	77.0	8.0	nan	nan	U		Unknown	Unknown	1	0.0	nan	nan	nan	nan	0.0	nan	Unknown	Unknown	nan	nan	nan	nan	nan	nan	nan	nan	nan	nan	nan	nan	nan	nan	nan	nan	nan	nan	nan	nan	-2147483648	nan	Unknown	nan	nan	nan	nan	nan	2008ApJ...688.1029M			-2147483648								
115.08833333333334	-16.0	232.83	3.13	nan	58.0	7.0	nan	nan	U		Unknown	Unknown	1	0.0	nan	nan	nan	nan	0.0	nan	Unknown	Unknown	nan	nan	nan	nan	nan	nan	nan	nan	nan	nan	nan	nan	nan	nan	nan	nan	nan	nan	nan	nan	-2147483648	nan	Unknown	nan	nan	nan	nan	nan	2008ApJ...688.1029M			-2147483648								
110.09208333333332	-19.0	233.39	-2.6	nan	98.0	10.0	nan	nan	U		Unknown	Unknown	1	0.0	nan	nan	nan	nan	0.0	nan	Unknown	Unknown	nan	nan	nan	nan	nan	nan	nan	nan	nan	nan	nan	nan	nan	nan	nan	nan	nan	nan	nan	nan	-2147483648	nan	Unknown	nan	nan	nan	nan	nan	2008ApJ...688.1029M			-2147483648								
111.37041666666667	-18.0	233.53	-1.31	nan	148.0	6.0	nan	nan	U		Unknown	Unknown	1	0.0	nan	nan	nan	nan	0.0	nan	Unknown	Unknown	nan	nan	nan	nan	nan	nan	nan	nan	nan	nan	nan	nan	nan	nan	nan	nan	nan	nan	nan	nan	-2147483648	nan	Unknown	nan	nan	nan	nan	nan	2008ApJ...688.1029M			-2147483648								
114.00999999999999	-18.0	234.75	0.87	nan	174.0	7.0	nan	nan	U		Unknown	Unknown	1	0.0	nan	nan	nan	nan	0.0	nan	Unknown	Unknown	nan	nan	nan	nan	nan	nan	nan	nan	nan	nan	nan	nan	nan	nan	nan	nan	nan	nan	nan	nan	-2147483648	nan	Unknown	nan	nan	nan	nan	nan	2008ApJ...688.1029M			-2147483648								
113.06833333333333	-19.0	235.28	-0.43	nan	142.0	4.0	nan	nan	U		Unknown	Unknown	1	0.0	nan	nan	nan	nan	0.0	nan	Unknown	Unknown	nan	nan	nan	nan	nan	nan	nan	nan	nan	nan	nan	nan	nan	nan	nan	nan	nan	nan	nan	nan	-2147483648	nan	Unknown	nan	nan	nan	nan	nan	2008ApJ...688.1029M			-2147483648								
115.63375	-20.0	237.1	1.3	nan	97.0	7.0	nan	nan	U		Unknown	Unknown	1	0.0	nan	nan	nan	nan	0.0	nan	Unknown	Unknown	nan	nan	nan	nan	nan	nan	nan	nan	nan	nan	nan	nan	nan	nan	nan	nan	nan	nan	nan	nan	-2147483648	nan	Unknown	nan	nan	nan	nan	nan	2008ApJ...688.1029M			-2147483648								
114.80208333333334	-21.0	237.51	0.17	nan	69.0	7.0	nan	nan	U		Unknown	Unknown	1	0.0	nan	nan	nan	nan	0.0	nan	Unknown	Unknown	nan	nan	nan	nan	nan	nan	nan	nan	nan	nan	nan	nan	nan	nan	nan	nan	nan	nan	nan	nan	-2147483648	nan	Unknown	nan	nan	nan	nan	nan	2008ApJ...688.1029M			-2147483648								
118.75958333333334	-19.0	237.72	4.34	nan	264.0	4.0	nan	nan	U		Unknown	Unknown	1	0.0	nan	nan	nan	nan	0.0	nan	Unknown	Unknown	nan	nan	nan	nan	nan	nan	nan	nan	nan	nan	nan	nan	nan	nan	nan	nan	nan	nan	nan	nan	-2147483648	nan	Unknown	nan	nan	nan	nan	nan	2008ApJ...688.1029M			-2147483648								
112.82041666666667	-26.0	240.53	-3.57	nan	258.0	8.0	nan	nan	U		Unknown	Unknown	1	0.0	nan	nan	nan	nan	0.0	nan	Unknown	Unknown	nan	nan	nan	nan	nan	nan	nan	nan	nan	nan	nan	nan	nan	nan	nan	nan	nan	nan	nan	nan	-2147483648	nan	Unknown	nan	nan	nan	nan	nan	2008ApJ...688.1029M			-2147483648								
115.10708333333334	-26.0	241.7	-1.87	nan	203.0	9.0	nan	nan	U		Unknown	Unknown	1	0.0	nan	nan	nan	nan	0.0	nan	Unknown	Unknown	nan	nan	nan	nan	nan	nan	nan	nan	nan	nan	nan	nan	nan	nan	nan	nan	nan	nan	nan	nan	-2147483648	nan	Unknown	nan	nan	nan	nan	nan	2008ApJ...688.1029M			-2147483648								
121.30166666666666	-23.0	242.17	4.39	nan	98.0	8.0	nan	nan	U		Unknown	Unknown	1	0.0	nan	nan	nan	nan	0.0	nan	Unknown	Unknown	nan	nan	nan	nan	nan	nan	nan	nan	nan	nan	nan	nan	nan	nan	nan	nan	nan	nan	nan	nan	-2147483648	nan	Unknown	nan	nan	nan	nan	nan	2008ApJ...688.1029M			-2147483648								
121.20500000000001	-25.0	243.61	3.38	nan	96.0	6.0	nan	nan	U		Unknown	Unknown	1	0.0	nan	nan	nan	nan	0.0	nan	Unknown	Unknown	nan	nan	nan	nan	nan	nan	nan	nan	nan	nan	nan	nan	nan	nan	nan	nan	nan	nan	nan	nan	-2147483648	nan	Unknown	nan	nan	nan	nan	nan	2008ApJ...688.1029M			-2147483648								
120.81666666666669	-27.0	245.43	1.83	nan	99.0	5.0	nan	nan	U		Unknown	Unknown	1	0.0	nan	nan	nan	nan	0.0	nan	Unknown	Unknown	nan	nan	nan	nan	nan	nan	nan	nan	nan	nan	nan	nan	nan	nan	nan	nan	nan	nan	nan	nan	-2147483648	nan	Unknown	nan	nan	nan	nan	nan	2008ApJ...688.1029M			-2147483648								
121.21458333333334	-27.0	245.8	2.01	nan	81.0	10.0	nan	nan	U		Unknown	Unknown	1	0.0	nan	nan	nan	nan	0.0	nan	Unknown	Unknown	nan	nan	nan	nan	nan	nan	nan	nan	nan	nan	nan	nan	nan	nan	nan	nan	nan	nan	nan	nan	-2147483648	nan	Unknown	nan	nan	nan	nan	nan	2008ApJ...688.1029M			-2147483648								
122.6708333333333	-28.0	246.98	2.78	nan	133.0	11.0	nan	nan	U		Unknown	Unknown	1	0.0	nan	nan	nan	nan	0.0	nan	Unknown	Unknown	nan	nan	nan	nan	nan	nan	nan	nan	nan	nan	nan	nan	nan	nan	nan	nan	nan	nan	nan	nan	-2147483648	nan	Unknown	nan	nan	nan	nan	nan	2008ApJ...688.1029M			-2147483648								
115.26958333333334	-32.0	247.06	-4.73	nan	189.0	7.0	nan	nan	U		Unknown	Unknown	1	0.0	nan	nan	nan	nan	0.0	nan	Unknown	Unknown	nan	nan	nan	nan	nan	nan	nan	nan	nan	nan	nan	nan	nan	nan	nan	nan	nan	nan	nan	nan	-2147483648	nan	Unknown	nan	nan	nan	nan	nan	2008ApJ...688.1029M			-2147483648								
121.31583333333333	-29.0	247.12	1.27	nan	93.0	7.0	nan	nan	U		Unknown	Unknown	1	0.0	nan	nan	nan	nan	0.0	nan	Unknown	Unknown	nan	nan	nan	nan	nan	nan	nan	nan	nan	nan	nan	nan	nan	nan	nan	nan	nan	nan	nan	nan	-2147483648	nan	Unknown	nan	nan	nan	nan	nan	2008ApJ...688.1029M			-2147483648								
123.10791666666665	-28.0	247.13	3.14	nan	102.0	7.0	nan	nan	U		Unknown	Unknown	1	0.0	nan	nan	nan	nan	0.0	nan	Unknown	Unknown	nan	nan	nan	nan	nan	nan	nan	nan	nan	nan	nan	nan	nan	nan	nan	nan	nan	nan	nan	nan	-2147483648	nan	Unknown	nan	nan	nan	nan	nan	2008ApJ...688.1029M			-2147483648								
118.21791666666667	-31.0	247.25	-1.94	nan	134.0	10.0	nan	nan	U		Unknown	Unknown	1	0.0	nan	nan	nan	nan	0.0	nan	Unknown	Unknown	nan	nan	nan	nan	nan	nan	nan	nan	nan	nan	nan	nan	nan	nan	nan	nan	nan	nan	nan	nan	-2147483648	nan	Unknown	nan	nan	nan	nan	nan	2008ApJ...688.1029M			-2147483648								
119.80958333333334	-33.0	249.81	-1.92	nan	163.0	8.0	nan	nan	U		Unknown	Unknown	1	0.0	nan	nan	nan	nan	0.0	nan	Unknown	Unknown	nan	nan	nan	nan	nan	nan	nan	nan	nan	nan	nan	nan	nan	nan	nan	nan	nan	nan	nan	nan	-2147483648	nan	Unknown	nan	nan	nan	nan	nan	2008ApJ...688.1029M			-2147483648								
120.68333333333334	-34.0	251.59	-2.17	nan	157.0	8.0	nan	nan	U		Unknown	Unknown	1	0.0	nan	nan	nan	nan	0.0	nan	Unknown	Unknown	nan	nan	nan	nan	nan	nan	nan	nan	nan	nan	nan	nan	nan	nan	nan	nan	nan	nan	nan	nan	-2147483648	nan	Unknown	nan	nan	nan	nan	nan	2008ApJ...688.1029M			-2147483648								
